{"stats":{"minecraft:used":{"minecraft:torch":57,"minecraft:netherite_sword":23,"minecraft:firework_rocket":121,"minecraft:cobblestone":31,"iceandfire:dragonegg_amythest":1},"minecraft:killed":{"iceandfire:gorgon":1,"iceandfire:sea_serpent":1},"minecraft:custom":{"minecraft:time_since_rest":28910,"minecraft:open_chest":12,"minecraft:play_one_minute":28910,"minecraft:crouch_one_cm":121,"minecraft:walk_one_cm":59976,"minecraft:sprint_one_cm":19028,"minecraft:damage_taken":20,"minecraft:sneak_time":418,"minecraft:walk_under_water_one_cm":35326,"minecraft:mob_kills":2,"minecraft:drop":3,"minecraft:aviate_one_cm":810757,"minecraft:jump":98,"minecraft:damage_dealt":1691,"minecraft:leave_game":2,"minecraft:walk_on_water_one_cm":12285,"minecraft:time_since_death":28910,"minecraft:climb_one_cm":13,"minecraft:swim_one_cm":3126,"minecraft:fall_one_cm":404,"minecraft:fly_one_cm":127196},"minecraft:picked_up":{"iceandfire:sea_serpent_fang":6,"minecraft:kelp":3,"iceandfire:sea_serpent_scales_red":10,"minecraft:bone_meal":2,"iceandfire:gorgon_head":1,"minecraft:cod":6},"minecraft:dropped":{"minecraft:cobblestone":1,"minecraft:kelp":3,"minecraft:cod":1}},"DataVersion":2586}