{"stats":{"minecraft:used":{"minecraft:torch":57,"minecraft:netherite_sword":23,"minecraft:firework_rocket":21,"minecraft:cobblestone":31,"iceandfire:dragonegg_amythest":1},"minecraft:killed":{"iceandfire:gorgon":1,"iceandfire:sea_serpent":1},"minecraft:custom":{"minecraft:time_since_rest":14721,"minecraft:open_chest":12,"minecraft:play_one_minute":14721,"minecraft:crouch_one_cm":92,"minecraft:walk_one_cm":30088,"minecraft:sprint_one_cm":16071,"minecraft:damage_taken":20,"minecraft:sneak_time":253,"minecraft:walk_under_water_one_cm":32719,"minecraft:mob_kills":2,"minecraft:drop":2,"minecraft:aviate_one_cm":615885,"minecraft:jump":58,"minecraft:damage_dealt":1691,"minecraft:leave_game":1,"minecraft:walk_on_water_one_cm":9323,"minecraft:time_since_death":14721,"minecraft:climb_one_cm":13,"minecraft:fall_one_cm":404,"minecraft:fly_one_cm":73724},"minecraft:picked_up":{"iceandfire:sea_serpent_fang":6,"iceandfire:sea_serpent_scales_red":10,"iceandfire:gorgon_head":1,"minecraft:cod":2},"minecraft:dropped":{"minecraft:cobblestone":1,"minecraft:cod":1}},"DataVersion":2586}