{"stats":{"minecraft:killed":{"minecraft:sheep":4,"minecraft:pig":6,"minecraft:chicken":10},"minecraft:custom":{"minecraft:open_chest":1,"minecraft:time_since_rest":9669,"minecraft:play_time":9669,"minecraft:sprint_one_cm":89188,"minecraft:damage_taken":90,"minecraft:walk_one_cm":66387,"minecraft:sneak_time":45,"minecraft:walk_under_water_one_cm":3937,"minecraft:mob_kills":20,"minecraft:jump":191,"minecraft:damage_dealt":1350,"minecraft:time_since_death":9669,"minecraft:walk_on_water_one_cm":13146,"minecraft:total_world_time":9669,"minecraft:swim_one_cm":35296,"minecraft:fall_one_cm":6182,"minecraft:interact_with_crafting_table":2,"minecraft:fly_one_cm":92698},"minecraft:picked_up":{"minecraft:birch_log":4,"minecraft:crafting_table":2,"minecraft:feather":11,"minecraft:chicken":10,"minecraft:porkchop":13,"minecraft:sand":1,"minecraft:gray_wool":1,"minecraft:mutton":6,"minecraft:sugar_cane":12,"minecraft:white_wool":3},"minecraft:mined":{"minecraft:grass":9,"minecraft:sand":1,"minecraft:birch_log":4,"minecraft:sugar_cane":9,"minecraft:oak_leaves":1,"minecraft:crafting_table":2},"minecraft:used":{"minecraft:wooden_sword":35,"minecraft:sand":1,"minecraft:crafting_table":2,"minecraft:chicken":2,"minecraft:suspicious_stew":1,"minecraft:sugar_cane":12},"minecraft:crafted":{"minecraft:wooden_sword":1,"minecraft:birch_planks":16,"minecraft:crafting_table":1,"minecraft:stick":4,"minecraft:bread":11}},"DataVersion":3465}