{"stats":{"minecraft:dropped":{"minecraft:jungle_log":1,"alexscaves:pewen_branch":1,"alexscaves:ancient_leaves":1,"minecraft:calcite":4,"minecraft:acacia_log":1},"minecraft:used":{"minecraft:netherite_sword":45,"minecraft:firework_rocket":25,"minecraft:cooked_chicken":3,"alexscaves:cave_book":1,"minecraft:netherite_pickaxe":3,"minecraft:enchanted_golden_apple":1},"minecraft:picked_up":{"iceandfire:dragon_skull_lightning":1,"iceandfire:dragonbone":26,"minecraft:feather":2,"iceandfire:witherbone":1,"minecraft:prismarine_shard":1,"epicfight:stone_greatsword":1,"iceandfire:shiny_scales":3,"minecraft:prismarine_crystals":5,"minecraft:purple_carpet":1,"minecraft:arrow":1,"minecraft:cooked_chicken":3,"minecraft:calcite":4,"iceandfire:silver_nugget":30},"minecraft:killed":{"minecraft:skeleton":2,"minecraft:pillager":1,"iceandfire:siren":1,"iceandfire:cockatrice":2},"minecraft:mined":{"iceandfire:dragon_ice_spikes":3},"minecraft:custom":{"minecraft:time_since_rest":24302,"minecraft:damage_absorbed":93,"minecraft:sprint_one_cm":30899,"minecraft:damage_taken":249,"minecraft:walk_one_cm":57854,"minecraft:mob_kills":6,"minecraft:drop":8,"minecraft:damage_dealt":2770,"minecraft:damage_dealt_absorbed":256,"minecraft:fly_one_cm":428053,"minecraft:open_chest":10,"minecraft:crouch_one_cm":318,"minecraft:play_time":24302,"minecraft:sneak_time":723,"minecraft:walk_under_water_one_cm":4509,"minecraft:jump":186,"minecraft:aviate_one_cm":769084,"minecraft:leave_game":1,"minecraft:walk_on_water_one_cm":2575,"minecraft:time_since_death":24302,"minecraft:climb_one_cm":2063,"minecraft:total_world_time":24302,"minecraft:damage_resisted":24,"minecraft:fall_one_cm":1377}},"DataVersion":3465}