{"stats":{"minecraft:broken":{"minecraft:wooden_sword":1},"minecraft:killed":{"minecraft:sheep":7,"minecraft:skeleton":3,"minecraft:zombie":1,"minecraft:pig":6,"minecraft:chicken":13,"minecraft:enderman":1,"minecraft:cow":5},"minecraft:crafted":{"minecraft:wooden_sword":1,"minecraft:crafting_table":1,"minecraft:stick":4,"minecraft:birch_planks":16,"minecraft:bread":11},"minecraft:custom":{"minecraft:time_since_rest":48770,"minecraft:sprint_one_cm":193550,"minecraft:damage_taken":862,"minecraft:walk_one_cm":329023,"minecraft:mob_kills":37,"minecraft:damage_dealt":3386,"minecraft:damage_dealt_absorbed":52,"minecraft:swim_one_cm":51701,"minecraft:interact_with_crafting_table":2,"minecraft:fly_one_cm":225036,"minecraft:open_chest":1,"minecraft:crouch_one_cm":164,"minecraft:play_time":91976,"minecraft:deaths":2,"minecraft:sneak_time":138,"minecraft:walk_under_water_one_cm":13062,"minecraft:jump":624,"minecraft:leave_game":1,"minecraft:time_since_death":4711,"minecraft:walk_on_water_one_cm":30249,"minecraft:total_world_time":91976,"minecraft:climb_one_cm":24,"minecraft:fall_one_cm":13218},"minecraft:mined":{"minecraft:birch_log":4,"minecraft:dandelion":5,"minecraft:crafting_table":2,"minecraft:grass":53,"minecraft:sand":1,"minecraft:tall_grass":3,"minecraft:sugar_cane":24,"minecraft:oxeye_daisy":1,"minecraft:oak_leaves":1},"minecraft:killed_by":{"minecraft:spider":1,"minecraft:zombie":1},"minecraft:used":{"minecraft:oxeye_daisy":1,"minecraft:chicken":2,"minecraft:bread":8,"minecraft:suspicious_stew":1,"wom:ruine":8,"minecraft:sugar_cane":34,"minecraft:rotten_flesh":2,"minecraft:wooden_sword":79,"minecraft:dirt":13,"minecraft:sand":1,"wom:antitheus":3,"minecraft:bow":2,"minecraft:crafting_table":2,"minecraft:dandelion":5},"minecraft:picked_up":{"minecraft:birch_log":4,"wom:herrscher":1,"minecraft:crafting_table":2,"minecraft:feather":12,"minecraft:chicken":13,"minecraft:leather":4,"minecraft:dandelion":5,"minecraft:porkchop":13,"minecraft:sand":1,"minecraft:gunpowder":2,"minecraft:dirt":27,"minecraft:bone":1,"minecraft:arrow":3,"minecraft:rotten_flesh":2,"minecraft:bow":2,"minecraft:wheat_seeds":8,"minecraft:beef":9,"minecraft:gray_wool":1,"minecraft:light_gray_wool":1,"minecraft:sugar_cane":34,"minecraft:mutton":17,"minecraft:white_wool":9,"minecraft:oxeye_daisy":1}},"DataVersion":3465}