{"stats":{"minecraft:custom":{"minecraft:jump":11,"minecraft:open_chest":1,"minecraft:time_since_rest":3330,"minecraft:sprint_one_cm":143,"minecraft:play_time":3330,"minecraft:damage_taken":10,"minecraft:time_since_death":3330,"minecraft:walk_one_cm":4793,"minecraft:sneak_time":150,"minecraft:total_world_time":3330,"minecraft:fall_one_cm":335,"minecraft:fly_one_cm":81689,"minecraft:aviate_one_cm":105817},"minecraft:used":{"minecraft:flint_and_steel":2,"minecraft:obsidian":4}},"DataVersion":3465}