{"stats":{"minecraft:dropped":{"minecraft:jungle_log":1,"alexscaves:pewen_branch":1,"alexscaves:ancient_leaves":1,"minecraft:calcite":4,"minecraft:acacia_log":1,"alexscaves:cycad":2},"minecraft:used":{"alexscaves:smooth_limestone":2,"minecraft:netherite_sword":84,"minecraft:firework_rocket":27,"minecraft:cooked_chicken":3,"alexscaves:cave_book":1,"minecraft:netherite_pickaxe":5,"alexscaves:flytrap":5,"minecraft:enchanted_golden_apple":4},"minecraft:picked_up":{"iceandfire:dragon_skull_lightning":1,"alexscaves:tough_hide":1,"iceandfire:dragonbone":52,"minecraft:feather":6,"iceandfire:witherbone":1,"alexscaves:cycad":2,"minecraft:prismarine_shard":1,"epicfight:stone_greatsword":1,"iceandfire:dragonscales_sapphire":22,"alexscaves:heavy_bone":4,"iceandfire:shiny_scales":3,"alexscaves:smooth_limestone":2,"minecraft:prismarine_crystals":5,"iceandfire:dragon_skull_ice":1,"minecraft:purple_carpet":1,"alexscaves:dinosaur_chop":4,"minecraft:arrow":1,"minecraft:cooked_chicken":3,"iceandfire:ice_dragon_flesh":3,"minecraft:calcite":11,"alexscaves:curly_fern":1,"minecraft:oak_sapling":1,"iceandfire:silver_nugget":30,"minecraft:coal":1,"alexscaves:flytrap":3},"minecraft:killed":{"minecraft:skeleton":2,"alexscaves:tremorsaurus":1,"minecraft:pillager":1,"iceandfire:siren":1,"alexscaves:subterranodon":1,"iceandfire:ice_dragon":1,"alexscaves:relicheirus":1,"alexscaves:grottoceratops":1,"alexscaves:vallumraptor":2,"iceandfire:cockatrice":2},"minecraft:mined":{"alexscaves:cave_painting_dark":2,"iceandfire:dragon_ice_spikes":3,"alexscaves:flytrap":3,"alexscaves:curly_fern":1},"minecraft:custom":{"minecraft:time_since_rest":36302,"minecraft:damage_absorbed":407,"minecraft:sprint_one_cm":61817,"minecraft:damage_taken":371,"minecraft:walk_one_cm":115413,"minecraft:mob_kills":13,"minecraft:drop":10,"minecraft:damage_dealt":5180,"minecraft:damage_dealt_absorbed":256,"minecraft:fly_one_cm":568562,"minecraft:open_chest":10,"minecraft:crouch_one_cm":461,"minecraft:play_time":36302,"minecraft:sneak_time":853,"minecraft:walk_under_water_one_cm":4509,"minecraft:jump":396,"minecraft:aviate_one_cm":793828,"minecraft:leave_game":1,"minecraft:walk_on_water_one_cm":3872,"minecraft:time_since_death":36302,"minecraft:climb_one_cm":2063,"minecraft:total_world_time":36302,"minecraft:damage_resisted":130,"minecraft:fall_one_cm":10525}},"DataVersion":3465}