{"stats":{"minecraft:dropped":{"alexscaves:amber_monolith":1,"minecraft:jungle_log":1,"alexscaves:pewen_branch":1,"alexscaves:ancient_leaves":1,"alexscaves:cave_painting_subterranodon":2,"minecraft:calcite":4,"minecraft:acacia_log":1,"alexscaves:cycad":2,"alexscaves:limestone_pillar":2},"minecraft:used":{"alexscaves:smooth_limestone":2,"minecraft:netherite_sword":122,"minecraft:firework_rocket":32,"minecraft:cooked_chicken":3,"alexscaves:cave_book":1,"minecraft:netherite_pickaxe":5,"alexscaves:cave_painting_subterranodon":3,"alexscaves:flytrap":5,"minecraft:enchanted_golden_apple":4,"alexscaves:dinosaur_nugget":1},"minecraft:picked_up":{"iceandfire:dragon_skull_lightning":1,"alexscaves:tough_hide":1,"iceandfire:dragonbone":71,"minecraft:feather":6,"iceandfire:witherbone":1,"alexscaves:cycad":2,"minecraft:prismarine_shard":1,"epicfight:stone_greatsword":1,"iceandfire:dragonscales_sapphire":22,"alexscaves:heavy_bone":4,"iceandfire:shiny_scales":3,"alexscaves:smooth_limestone":2,"minecraft:prismarine_crystals":5,"iceandfire:dragon_skull_ice":2,"minecraft:purple_carpet":1,"alexscaves:dinosaur_chop":4,"minecraft:arrow":1,"minecraft:cooked_chicken":3,"iceandfire:ice_dragon_flesh":3,"minecraft:calcite":11,"alexscaves:curly_fern":1,"minecraft:oak_sapling":1,"iceandfire:silver_nugget":30,"minecraft:coal":1,"alexscaves:flytrap":3},"minecraft:killed":{"minecraft:skeleton":2,"alexscaves:tremorsaurus":1,"minecraft:pillager":1,"iceandfire:siren":1,"alexscaves:subterranodon":1,"iceandfire:ice_dragon":2,"alexscaves:relicheirus":1,"alexscaves:grottoceratops":1,"alexscaves:vallumraptor":3,"iceandfire:cockatrice":2},"minecraft:mined":{"alexscaves:cave_painting_dark":2,"iceandfire:dragon_ice_spikes":3,"alexscaves:flytrap":3,"alexscaves:curly_fern":1},"minecraft:custom":{"minecraft:time_since_rest":45794,"minecraft:damage_absorbed":407,"minecraft:sprint_one_cm":74889,"minecraft:damage_taken":371,"minecraft:walk_one_cm":130920,"minecraft:mob_kills":15,"minecraft:drop":15,"minecraft:damage_dealt":6223,"minecraft:damage_dealt_absorbed":256,"minecraft:interact_with_crafting_table":1,"minecraft:fly_one_cm":784282,"minecraft:open_chest":20,"minecraft:crouch_one_cm":574,"minecraft:play_time":45794,"minecraft:sneak_time":1364,"minecraft:walk_under_water_one_cm":4509,"minecraft:jump":457,"minecraft:aviate_one_cm":837283,"minecraft:leave_game":2,"minecraft:walk_on_water_one_cm":5714,"minecraft:time_since_death":45794,"minecraft:climb_one_cm":3559,"minecraft:total_world_time":45794,"minecraft:damage_resisted":130,"minecraft:fall_one_cm":10734}},"DataVersion":3465}