{"stats":{"minecraft:dropped":{"minecraft:acacia_log":1},"minecraft:used":{"minecraft:cooked_chicken":3,"minecraft:netherite_sword":22,"minecraft:firework_rocket":24},"minecraft:picked_up":{"iceandfire:dragon_skull_lightning":1,"minecraft:arrow":1,"iceandfire:dragonbone":26,"minecraft:feather":2,"iceandfire:witherbone":1,"minecraft:prismarine_shard":1,"epicfight:stone_greatsword":1,"iceandfire:shiny_scales":3,"minecraft:cooked_chicken":3,"minecraft:prismarine_crystals":5},"minecraft:killed":{"minecraft:skeleton":2,"iceandfire:siren":1,"iceandfire:cockatrice":2},"minecraft:custom":{"minecraft:time_since_rest":12303,"minecraft:open_chest":2,"minecraft:crouch_one_cm":108,"minecraft:play_time":12303,"minecraft:sprint_one_cm":25148,"minecraft:walk_one_cm":39863,"minecraft:walk_under_water_one_cm":3297,"minecraft:sneak_time":28,"minecraft:mob_kills":5,"minecraft:drop":1,"minecraft:aviate_one_cm":734196,"minecraft:jump":87,"minecraft:damage_dealt":1700,"minecraft:walk_on_water_one_cm":1500,"minecraft:time_since_death":12303,"minecraft:climb_one_cm":205,"minecraft:total_world_time":12303,"minecraft:damage_dealt_absorbed":256,"minecraft:fly_one_cm":180775}},"DataVersion":3465}