{"stats":{"minecraft:dropped":{"minecraft:oak_boat":1},"minecraft:custom":{"minecraft:time_since_rest":11361,"minecraft:open_chest":1,"minecraft:play_time":11361,"minecraft:sprint_one_cm":19617,"minecraft:damage_taken":10,"minecraft:walk_one_cm":21623,"minecraft:sneak_time":227,"minecraft:drop":1,"minecraft:aviate_one_cm":515406,"minecraft:jump":106,"minecraft:damage_dealt":110,"minecraft:leave_game":1,"minecraft:time_since_death":11361,"minecraft:walk_on_water_one_cm":765,"minecraft:total_world_time":11361,"minecraft:fall_one_cm":335,"minecraft:fly_one_cm":225488},"minecraft:used":{"minecraft:netherrack":1,"minecraft:netherite_sword":1,"minecraft:firework_rocket":10,"minecraft:flint_and_steel":3,"alexsmobs:spawn_egg_sunbird":6,"minecraft:oak_boat":15,"minecraft:obsidian":14},"minecraft:picked_up":{"minecraft:oak_boat":1}},"DataVersion":3465}