{"stats":{"minecraft:broken":{"minecraft:wooden_sword":1},"minecraft:killed":{"minecraft:sheep":6,"minecraft:skeleton":2,"minecraft:zombie":1,"minecraft:pig":6,"minecraft:chicken":13,"minecraft:cow":5},"minecraft:crafted":{"minecraft:wooden_sword":1,"minecraft:crafting_table":1,"minecraft:stick":4,"minecraft:birch_planks":16,"minecraft:bread":11},"minecraft:custom":{"minecraft:time_since_rest":6570,"minecraft:sprint_one_cm":161949,"minecraft:damage_taken":615,"minecraft:walk_one_cm":196511,"minecraft:mob_kills":33,"minecraft:damage_dealt":2821,"minecraft:damage_dealt_absorbed":16,"minecraft:swim_one_cm":51701,"minecraft:interact_with_crafting_table":2,"minecraft:fly_one_cm":192754,"minecraft:open_chest":1,"minecraft:crouch_one_cm":164,"minecraft:play_time":25976,"minecraft:deaths":1,"minecraft:sneak_time":137,"minecraft:walk_under_water_one_cm":10156,"minecraft:jump":470,"minecraft:leave_game":1,"minecraft:time_since_death":6547,"minecraft:walk_on_water_one_cm":25673,"minecraft:total_world_time":25976,"minecraft:climb_one_cm":24,"minecraft:fall_one_cm":10590},"minecraft:mined":{"minecraft:birch_log":4,"minecraft:dandelion":5,"minecraft:crafting_table":2,"minecraft:grass":53,"minecraft:sand":1,"minecraft:tall_grass":3,"minecraft:sugar_cane":24,"minecraft:oxeye_daisy":1,"minecraft:oak_leaves":1},"minecraft:killed_by":{"minecraft:zombie":1},"minecraft:used":{"minecraft:oxeye_daisy":1,"minecraft:chicken":2,"minecraft:bread":8,"minecraft:suspicious_stew":1,"minecraft:sugar_cane":34,"minecraft:rotten_flesh":2,"minecraft:wooden_sword":79,"minecraft:dirt":13,"minecraft:sand":1,"minecraft:bow":2,"minecraft:crafting_table":2,"minecraft:dandelion":5},"minecraft:picked_up":{"minecraft:birch_log":4,"minecraft:crafting_table":2,"minecraft:feather":12,"minecraft:chicken":13,"minecraft:leather":4,"minecraft:dandelion":5,"minecraft:porkchop":13,"minecraft:sand":1,"minecraft:gunpowder":2,"minecraft:dirt":27,"minecraft:arrow":2,"minecraft:rotten_flesh":2,"minecraft:bow":1,"minecraft:wheat_seeds":8,"minecraft:beef":9,"minecraft:gray_wool":1,"minecraft:light_gray_wool":1,"minecraft:sugar_cane":34,"minecraft:mutton":13,"minecraft:white_wool":7,"minecraft:oxeye_daisy":1}},"DataVersion":3465}