{
  "minecraft:nether/explore_nether": {
    "criteria": {
      "minecraft:basalt_deltas": "2024-07-24 02:38:02 +0000"
    },
    "done": false
  },
  "incendium:root": {
    "criteria": {
      "requirement": "2024-07-24 02:38:01 +0000"
    },
    "done": true
  },
  "minecraft:story/enter_the_nether": {
    "criteria": {
      "entered_nether": "2024-07-24 02:38:01 +0000"
    },
    "done": true
  },
  "minecraft:recipes/decorations/crafting_table": {
    "criteria": {
      "unlock_right_away": "2024-07-24 02:36:57 +0000"
    },
    "done": true
  },
  "alexsmobs:alexsmobs/enderiophage_rocket": {
    "criteria": {
      "enderiophage_rocket": "2024-07-24 02:38:57 +0000"
    },
    "done": true
  },
  "incendium:technical/new_player": {
    "criteria": {
      "requirement": "2024-07-24 02:36:57 +0000"
    },
    "done": true
  },
  "iceandfire:iceandfire/root": {
    "criteria": {
      "tick": "2024-07-24 02:36:57 +0000"
    },
    "done": true
  },
  "incendium:technical/scroll_of_returning": {
    "criteria": {
      "log_spam_fixer": "2024-07-24 02:36:58 +0000"
    },
    "done": false
  },
  "incendium:technical/using/ragnarok": {
    "criteria": {
      "log_spam_fixer": "2024-07-24 02:36:58 +0000"
    },
    "done": false
  },
  "dungeons_arise:wda_root": {
    "criteria": {
      "WDA": "2024-07-24 02:36:57 +0000"
    },
    "done": true
  },
  "minecraft:nether/root": {
    "criteria": {
      "entered_nether": "2024-07-24 02:38:01 +0000"
    },
    "done": true
  },
  "incendium:misc/root": {
    "criteria": {
      "incendium:inverted_forest": "2024-07-24 02:38:17 +0000"
    },
    "done": true
  },
  "minecraft:recipes/tools/flint_and_steel": {
    "criteria": {
      "has_obsidian": "2024-07-24 02:37:34 +0000"
    },
    "done": true
  },
  "dungeons_arise:find_greenwood_pub": {
    "criteria": {
      "location0": "2024-07-24 02:37:22 +0000"
    },
    "done": true
  },
  "minecraft:story/form_obsidian": {
    "criteria": {
      "obsidian": "2024-07-24 02:37:34 +0000"
    },
    "done": true
  },
  "minecraft:nether/loot_bastion": {
    "criteria": {
      "loot_bastion_treasure": "2024-07-24 02:39:39 +0000"
    },
    "done": true
  },
  "incendium:technical/using/trailblazer": {
    "criteria": {
      "log_spam_fixer": "2024-07-24 02:36:58 +0000"
    },
    "done": false
  },
  "minecraft:adventure/adventuring_time": {
    "criteria": {
      "minecraft:beach": "2024-07-24 02:37:21 +0000",
      "minecraft:ocean": "2024-07-24 02:37:19 +0000",
      "minecraft:old_growth_birch_forest": "2024-07-24 02:36:58 +0000"
    },
    "done": false
  },
  "minecraft:nether/find_bastion": {
    "criteria": {
      "bastion": "2024-07-24 02:39:29 +0000"
    },
    "done": true
  },
  "incendium:misc/soul_searcher": {
    "criteria": {
      "incendium:inverted_forest": "2024-07-24 02:38:17 +0000"
    },
    "done": false
  },
  "incendium:technical/using/shield": {
    "criteria": {
      "log_spam_fixer": "2024-07-24 02:36:58 +0000"
    },
    "done": false
  },
  "minecraft:recipes/decorations/enchanting_table": {
    "criteria": {
      "has_obsidian": "2024-07-24 02:37:34 +0000"
    },
    "done": true
  },
  "DataVersion": 3465
}